-- phpMyAdmin SQL Dump
-- version 3.3.9
-- http://www.phpmyadmin.net
--
-- ホスト: localhost
-- 生成時間: 2016 年 7 月 28 日 08:58
-- サーバのバージョン: 5.5.8
-- PHP のバージョン: 5.3.5

SET SQL_MODE="NO_AUTO_VALUE_ON_ZERO";


/*!40101 SET @OLD_CHARACTER_SET_CLIENT=@@CHARACTER_SET_CLIENT */;
/*!40101 SET @OLD_CHARACTER_SET_RESULTS=@@CHARACTER_SET_RESULTS */;
/*!40101 SET @OLD_COLLATION_CONNECTION=@@COLLATION_CONNECTION */;
/*!40101 SET NAMES utf8 */;

--
-- データベース: `p01shift`
--

-- --------------------------------------------------------

--
-- テーブルの構造 `tb_company`
--

CREATE TABLE IF NOT EXISTS `tb_company` (
  `cid` varchar(16) NOT NULL,
  `cname` varchar(64) NOT NULL,
  `address` varchar(64) NOT NULL,
  `outline` text NOT NULL
) ENGINE=MyISAM DEFAULT CHARSET=utf8;

--
-- テーブルのデータをダンプしています `tb_company`
--

INSERT INTO `tb_company` (`cid`, `cname`, `address`, `outline`) VALUES
('ksu', '九産株式会社', '福岡市東区', '教育サービス'),
('aeon', 'イオン九州株式会社', '福岡市南区', '小売り業');

-- --------------------------------------------------------

--
-- テーブルの構造 `tb_incom`
--

CREATE TABLE IF NOT EXISTS `tb_incom` (
  `cid` varchar(16) NOT NULL,
  `yy` int(11) NOT NULL,
  `money` int(11) NOT NULL,
  `basepay` int(11) DEFAULT NULL
) ENGINE=MyISAM DEFAULT CHARSET=utf8;

--
-- テーブルのデータをダンプしています `tb_incom`
--

INSERT INTO `tb_incom` (`cid`, `yy`, `money`, `basepay`) VALUES
('admin', 2015, 200, 710),
('aeon', 2014, 5000, 750),
('admin', 2015, 210, 710),
('aeon', 2015, 8000, 760),
('admin', 2016, 220, 780),
('admin', 2017, 230, 800),
('aeon', 2016, 2000, NULL);

-- --------------------------------------------------------

--
-- テーブルの構造 `tb_personpay`
--

CREATE TABLE IF NOT EXISTS `tb_personpay` (
  `userid` varchar(16) NOT NULL,
  `workdays` int(11) DEFAULT NULL,
  `valuation` int(11) DEFAULT NULL,
  `pay` int(11) DEFAULT NULL
) ENGINE=MyISAM DEFAULT CHARSET=utf8;

--
-- テーブルのデータをダンプしています `tb_personpay`
--

INSERT INTO `tb_personpay` (`userid`, `workdays`, `valuation`, `pay`) VALUES
('hanako', 1000, 5, 15),
('mori', 500, 3, 10),
('hsgw', 700, 4, 10),
('sato', 300, 2, 6),
('ando', 500, 3, 10),
('ishida', 100, 2, 5),
('ito', 800, 4, 15),
('kaneko', 150, 2, 7),
('szk', 800, 4, 12);

-- --------------------------------------------------------

--
-- テーブルの構造 `tb_schedule`
--

CREATE TABLE IF NOT EXISTS `tb_schedule` (
  `sno` bigint(20) unsigned NOT NULL AUTO_INCREMENT,
  `sdate` date NOT NULL,
  `sname` varchar(16) DEFAULT NULL,
  `addpay` int(11) NOT NULL,
  `scomment` text,
  PRIMARY KEY (`sno`),
  UNIQUE KEY `sno` (`sno`)
) ENGINE=InnoDB  DEFAULT CHARSET=utf8 AUTO_INCREMENT=145 ;

--
-- テーブルのデータをダンプしています `tb_schedule`
--

INSERT INTO `tb_schedule` (`sno`, `sdate`, `sname`, `addpay`, `scomment`) VALUES
(80, '2015-01-01', '休', 0, '元日'),
(81, '2015-01-04', '営業', 0, 'イベント開催のため'),
(82, '2015-01-05', '休み', 0, ''),
(83, '2015-01-09', '休', 0, '定休日、全体清掃日'),
(84, '2015-01-13', '夕まで', 0, '夕方まで'),
(85, '2015-01-16', '休', 0, '定休日２'),
(86, '2015-01-23', '休', 0, '社員会議'),
(87, '2015-01-30', '休', 0, ''),
(93, '2015-07-01', '休み', 0, ''),
(94, '2015-08-01', '休み', 0, ''),
(95, '2015-10-19', '休み', 0, ''),
(130, '2015-11-03', '営業日', 0, ''),
(131, '2015-11-06', '休業日', 0, ''),
(132, '2015-11-09', '営業日', 5, '感謝セール'),
(133, '2015-11-15', '営業日', 0, ''),
(134, '2016-01-01', '年末', 3, '年末セール'),
(135, '2016-01-02', '年末', 3, '年末セール'),
(136, '2016-01-03', '年末', 3, '年末セール'),
(137, '2016-01-11', '休み', 0, '大掃除'),
(138, '2015-12-01', '休業', 1, '大掃除'),
(139, '2016-07-01', '棚卸', 0, ''),
(140, '2016-07-04', '棚替え', 0, ''),
(141, '2016-07-11', '棚替え', 0, ''),
(142, '2016-07-15', '会議', 0, 'カフェ割引開始'),
(143, '2016-07-18', '棚替え', 0, ''),
(144, '2016-07-25', '棚替え', 0, 'カフェ割引終わり');

-- --------------------------------------------------------

--
-- テーブルの構造 `tb_timespan`
--

CREATE TABLE IF NOT EXISTS `tb_timespan` (
  `tno` int(11) NOT NULL,
  `tname` varchar(16) NOT NULL,
  `intime` varchar(16) DEFAULT NULL,
  `outime` varchar(16) DEFAULT NULL,
  `tcomment` text,
  PRIMARY KEY (`tno`)
) ENGINE=InnoDB DEFAULT CHARSET=utf8;

--
-- テーブルのデータをダンプしています `tb_timespan`
--

INSERT INTO `tb_timespan` (`tno`, `tname`, `intime`, `outime`, `tcomment`) VALUES
(1, 'A', '6:00', '12:00', '朝'),
(2, 'B', '12:00', '17:00', '昼'),
(3, 'C', '17:00', '22:00', '夕方'),
(4, 'D', '22:00', '6:00', '夜間');

-- --------------------------------------------------------

--
-- テーブルの構造 `tb_user`
--

CREATE TABLE IF NOT EXISTS `tb_user` (
  `userid` varchar(16) NOT NULL,
  `cid` varchar(16) NOT NULL,
  `uname` varchar(16) NOT NULL,
  `passwd` varchar(128) DEFAULT NULL,
  `email` varchar(32) DEFAULT NULL,
  `utel` varchar(32) DEFAULT NULL,
  `urole` int(11) DEFAULT NULL,
  PRIMARY KEY (`userid`)
) ENGINE=InnoDB DEFAULT CHARSET=utf8;

--
-- テーブルのデータをダンプしています `tb_user`
--

INSERT INTO `tb_user` (`userid`, `cid`, `uname`, `passwd`, `email`, `utel`, `urole`) VALUES
('admin', '', '管理者', 'abcd', 'admin@shiftsample.jp', '090-9090-2020', 9),
('aeon', 'aeon', 'AEON人事', 'abcd', 'iri@shiftsample.jp', '090-9090-2025', 8),
('ando', 'ksu', '安藤　隆', 'abcd', 'ando@shiftsample.jp', '080-6341-8102', 1),
('hanako', 'ksu', '森　花子　', 'abcd', 'hanako@shiftsample.co.jp', '090-9090-2026', 1),
('hsgw', 'ksu', '長谷川　京子', 'abcd', 'hsgw@shiftsample.jp', '090-9090-2023', 1),
('ishida', 'aeon', '石田　慶', 'abcd', 'ishida@sample.jp', '080-5010-4213', 1),
('ito', 'aeon', '伊藤　美鈴', 'abcd', 'ito@shiftsample.jp', '090-0101-1100', 1),
('kaneko', 'aeon', '金子　健', 'abcd', 'kaneko@shiftsample.jp', '090-5010-8021', 1),
('ksu', 'ksu', 'KSU人事', 'abcd', 'xyz@shiftsample.jp', '090-9090-2021', 8),
('mori', 'ksu', '大森　大地', 'abcd', 'mita@shiftsample.jp', '090-9090-2022', 1),
('sato', 'ksu', '佐藤　鈴', 'abcd', 'sato@sample.co.jp', '090-0000-1111', 1),
('szk', 'ksu', '鈴木 啓太', 'abcd', 'szk@shiftsample.jp', '090-9090-2024', 1);

-- --------------------------------------------------------

--
-- テーブルの構造 `tb_wish`
--

CREATE TABLE IF NOT EXISTS `tb_wish` (
  `wno` bigint(20) unsigned NOT NULL AUTO_INCREMENT,
  `wdate` date DEFAULT NULL,
  `tno` int(11) DEFAULT NULL,
  `userid` varchar(16) DEFAULT NULL,
  `decision` int(11) NOT NULL DEFAULT '0',
  `wcomment` text,
  PRIMARY KEY (`wno`)
) ENGINE=InnoDB  DEFAULT CHARSET=utf8 AUTO_INCREMENT=1875 ;

--
-- テーブルのデータをダンプしています `tb_wish`
--

INSERT INTO `tb_wish` (`wno`, `wdate`, `tno`, `userid`, `decision`, `wcomment`) VALUES
(11, '2015-01-02', 3, 'mori', 0, ' '),
(12, '2015-01-02', 3, 'szk', 0, ' '),
(18, '2015-01-03', 2, 'mori', 0, ' '),
(19, '2015-01-03', 3, 'szk', 0, ' '),
(25, '2015-01-04', 0, 'mori', 0, ' '),
(26, '2015-01-04', 0, 'szk', 0, ' '),
(32, '2015-01-05', 0, 'mori', 0, ' '),
(33, '2015-01-05', 3, 'szk', 0, ' '),
(39, '2015-01-06', 3, 'mori', 0, ' '),
(40, '2015-01-06', 1, 'szk', 0, ' '),
(46, '2015-01-07', 3, 'mori', 0, ' '),
(47, '2015-01-07', 0, 'szk', 0, ' '),
(53, '2015-01-08', 0, 'mori', 0, ' '),
(54, '2015-01-08', 1, 'szk', 0, ' '),
(67, '2015-01-10', 2, 'mori', 0, ' '),
(68, '2015-01-10', 0, 'szk', 0, ' '),
(74, '2015-01-11', 1, 'mori', 0, ' '),
(75, '2015-01-11', 1, 'szk', 0, ' '),
(81, '2015-01-12', 2, 'mori', 0, ' '),
(82, '2015-01-12', 2, 'szk', 0, ' '),
(88, '2015-01-13', 3, 'mori', 0, ' '),
(89, '2015-01-13', 2, 'szk', 0, ' '),
(95, '2015-01-14', 2, 'mori', 0, ' '),
(96, '2015-01-14', 1, 'szk', 0, ' '),
(102, '2015-01-15', 2, 'mori', 0, ' '),
(103, '2015-01-15', 1, 'szk', 0, ' '),
(109, '2015-01-16', 4, 'mori', 0, ' '),
(110, '2015-01-16', 3, 'szk', 0, ' '),
(116, '2015-01-17', 1, 'mori', 0, ' '),
(117, '2015-01-17', 2, 'szk', 0, ' '),
(123, '2015-01-18', 1, 'mori', 0, ' '),
(124, '2015-01-18', 3, 'szk', 0, ' '),
(130, '2015-01-19', 2, 'mori', 0, ' '),
(131, '2015-01-19', 2, 'szk', 0, ' '),
(137, '2015-01-20', 1, 'mori', 0, ' '),
(138, '2015-01-20', 4, 'szk', 0, ' '),
(144, '2015-01-21', 2, 'mori', 0, ' '),
(145, '2015-01-21', 1, 'szk', 0, ' '),
(151, '2015-01-22', 1, 'mori', 0, ' '),
(152, '2015-01-22', 1, 'szk', 0, ' '),
(158, '2015-01-23', 4, 'mori', 0, ' '),
(159, '2015-01-23', 4, 'szk', 0, ' '),
(165, '2015-01-24', 3, 'mori', 0, ' '),
(166, '2015-01-24', 0, 'szk', 0, ' '),
(172, '2015-01-25', 1, 'mori', 0, ' '),
(173, '2015-01-25', 4, 'szk', 0, ' '),
(179, '2015-01-26', 2, 'mori', 0, ' '),
(180, '2015-01-26', 2, 'szk', 0, ' '),
(186, '2015-01-27', 0, 'mori', 0, ' '),
(187, '2015-01-27', 4, 'szk', 0, ' '),
(193, '2015-01-28', 3, 'mori', 0, ' '),
(194, '2015-01-28', 3, 'szk', 0, ' '),
(200, '2015-01-29', 3, 'mori', 0, ' '),
(201, '2015-01-29', 2, 'szk', 0, ' '),
(207, '2015-01-30', 3, 'mori', 0, ' '),
(208, '2015-01-30', 1, 'szk', 0, ' '),
(214, '2015-01-31', 3, 'mori', 0, ' '),
(215, '2015-01-31', 2, 'szk', 0, ' '),
(218, '2015-02-01', 1, 'hanako', 0, ' '),
(219, '2015-02-01', 4, 'hsgw', 0, ' '),
(220, '2015-02-01', 3, 'iri', 0, ' '),
(221, '2015-02-01', 2, 'mori', 0, ' '),
(222, '2015-02-01', 2, 'szk', 0, ' '),
(225, '2015-02-02', 3, 'hanako', 0, ' '),
(226, '2015-02-02', 3, 'hsgw', 0, ' '),
(227, '2015-02-02', 4, 'iri', 0, ' '),
(228, '2015-02-02', 4, 'mori', 0, ' '),
(229, '2015-02-02', 3, 'szk', 0, ' '),
(232, '2015-02-03', 4, 'hanako', 0, ' '),
(233, '2015-02-03', 3, 'hsgw', 0, ' '),
(234, '2015-02-03', 1, 'iri', 0, ' '),
(235, '2015-02-03', 2, 'mori', 0, ' '),
(236, '2015-02-03', 3, 'szk', 0, ' '),
(239, '2015-02-04', 1, 'hanako', 0, ' '),
(240, '2015-02-04', 1, 'hsgw', 0, ' '),
(241, '2015-02-04', 0, 'iri', 0, ' '),
(242, '2015-02-04', 2, 'mori', 0, ' '),
(243, '2015-02-04', 3, 'szk', 0, ' '),
(246, '2015-02-05', 2, 'hanako', 0, ' '),
(247, '2015-02-05', 4, 'hsgw', 0, ' '),
(248, '2015-02-05', 1, 'iri', 0, ' '),
(249, '2015-02-05', 3, 'mori', 0, ' '),
(250, '2015-02-05', 2, 'szk', 0, ' '),
(253, '2015-02-06', 2, 'hanako', 0, ' '),
(254, '2015-02-06', 2, 'hsgw', 0, ' '),
(255, '2015-02-06', 1, 'iri', 0, ' '),
(256, '2015-02-06', 0, 'mori', 0, ' '),
(257, '2015-02-06', 2, 'szk', 0, ' '),
(260, '2015-02-07', 3, 'hanako', 0, ' '),
(261, '2015-02-07', 3, 'hsgw', 0, ' '),
(262, '2015-02-07', 3, 'iri', 0, ' '),
(263, '2015-02-07', 1, 'mori', 0, ' '),
(264, '2015-02-07', 3, 'szk', 0, ' '),
(267, '2015-02-08', 3, 'hanako', 0, ' '),
(268, '2015-02-08', 1, 'hsgw', 0, ' '),
(269, '2015-02-08', 4, 'iri', 0, ' '),
(270, '2015-02-08', 3, 'mori', 0, ' '),
(271, '2015-02-08', 4, 'szk', 0, ' '),
(274, '2015-02-09', 1, 'hanako', 0, ' '),
(275, '2015-02-09', 3, 'hsgw', 0, ' '),
(276, '2015-02-09', 3, 'iri', 0, ' '),
(277, '2015-02-09', 0, 'mori', 0, ' '),
(278, '2015-02-09', 3, 'szk', 0, ' '),
(281, '2015-02-10', 0, 'hanako', 0, ' '),
(282, '2015-02-10', 3, 'hsgw', 0, ' '),
(283, '2015-02-10', 3, 'iri', 0, ' '),
(284, '2015-02-10', 2, 'mori', 0, ' '),
(285, '2015-02-10', 3, 'szk', 0, ' '),
(288, '2015-02-11', 2, 'hanako', 0, ' '),
(289, '2015-02-11', 3, 'hsgw', 0, ' '),
(290, '2015-02-11', 1, 'iri', 0, ' '),
(291, '2015-02-11', 3, 'mori', 0, ' '),
(292, '2015-02-11', 1, 'szk', 0, ' '),
(295, '2015-02-12', 2, 'hanako', 0, ' '),
(296, '2015-02-12', 3, 'hsgw', 0, ' '),
(297, '2015-02-12', 2, 'iri', 0, ' '),
(298, '2015-02-12', 2, 'mori', 0, ' '),
(299, '2015-02-12', 1, 'szk', 0, ' '),
(302, '2015-02-13', 0, 'hanako', 0, ' '),
(303, '2015-02-13', 3, 'hsgw', 0, ' '),
(304, '2015-02-13', 0, 'iri', 0, ' '),
(305, '2015-02-13', 2, 'mori', 0, ' '),
(306, '2015-02-13', 1, 'szk', 0, ' '),
(309, '2015-02-14', 4, 'hanako', 0, ' '),
(310, '2015-02-14', 3, 'hsgw', 0, ' '),
(311, '2015-02-14', 2, 'iri', 0, ' '),
(312, '2015-02-14', 2, 'mori', 0, ' '),
(313, '2015-02-14', 1, 'szk', 0, ' '),
(316, '2015-02-15', 1, 'hanako', 0, ' '),
(317, '2015-02-15', 1, 'hsgw', 0, ' '),
(318, '2015-02-15', 3, 'iri', 0, ' '),
(319, '2015-02-15', 3, 'mori', 0, ' '),
(320, '2015-02-15', 2, 'szk', 0, ' '),
(323, '2015-02-16', 0, 'hanako', 0, ' '),
(324, '2015-02-16', 3, 'hsgw', 0, ' '),
(325, '2015-02-16', 1, 'iri', 0, ' '),
(326, '2015-02-16', 3, 'mori', 0, ' '),
(327, '2015-02-16', 3, 'szk', 0, ' '),
(330, '2015-02-17', 0, 'hanako', 0, ' '),
(331, '2015-02-17', 0, 'hsgw', 0, ' '),
(332, '2015-02-17', 1, 'iri', 0, ' '),
(333, '2015-02-17', 2, 'mori', 0, ' '),
(334, '2015-02-17', 2, 'szk', 0, ' '),
(337, '2015-02-18', 3, 'hanako', 0, ' '),
(338, '2015-02-18', 3, 'hsgw', 0, ' '),
(339, '2015-02-18', 2, 'iri', 0, ' '),
(340, '2015-02-18', 4, 'mori', 0, ' '),
(341, '2015-02-18', 0, 'szk', 0, ' '),
(344, '2015-02-19', 3, 'hanako', 0, ' '),
(345, '2015-02-19', 2, 'hsgw', 0, ' '),
(346, '2015-02-19', 1, 'iri', 0, ' '),
(347, '2015-02-19', 3, 'mori', 0, ' '),
(348, '2015-02-19', 2, 'szk', 0, ' '),
(351, '2015-02-20', 1, 'hanako', 0, ' '),
(352, '2015-02-20', 4, 'hsgw', 0, ' '),
(353, '2015-02-20', 2, 'iri', 0, ' '),
(354, '2015-02-20', 1, 'mori', 0, ' '),
(355, '2015-02-20', 4, 'szk', 0, ' '),
(358, '2015-02-21', 2, 'hanako', 0, ' '),
(359, '2015-02-21', 1, 'hsgw', 0, ' '),
(360, '2015-02-21', 2, 'iri', 0, ' '),
(361, '2015-02-21', 3, 'mori', 0, ' '),
(362, '2015-02-21', 3, 'szk', 0, ' '),
(365, '2015-02-22', 3, 'hanako', 0, ' '),
(366, '2015-02-22', 2, 'hsgw', 0, ' '),
(367, '2015-02-22', 2, 'iri', 0, ' '),
(368, '2015-02-22', 1, 'mori', 0, ' '),
(369, '2015-02-22', 3, 'szk', 0, ' '),
(372, '2015-02-23', 3, 'hanako', 0, ' '),
(373, '2015-02-23', 2, 'hsgw', 0, ' '),
(374, '2015-02-23', 2, 'iri', 0, ' '),
(375, '2015-02-23', 2, 'mori', 0, ' '),
(376, '2015-02-23', 2, 'szk', 0, ' '),
(379, '2015-02-24', 3, 'hanako', 0, ' '),
(380, '2015-02-24', 2, 'hsgw', 0, ' '),
(381, '2015-02-24', 0, 'iri', 0, ' '),
(382, '2015-02-24', 4, 'mori', 0, ' '),
(383, '2015-02-24', 1, 'szk', 0, ' '),
(386, '2015-02-25', 2, 'hanako', 0, ' '),
(387, '2015-02-25', 1, 'hsgw', 0, ' '),
(388, '2015-02-25', 4, 'iri', 0, ' '),
(389, '2015-02-25', 1, 'mori', 0, ' '),
(390, '2015-02-25', 2, 'szk', 0, ' '),
(393, '2015-02-26', 2, 'hanako', 0, ' '),
(394, '2015-02-26', 1, 'hsgw', 0, ' '),
(395, '2015-02-26', 2, 'iri', 0, ' '),
(396, '2015-02-26', 3, 'mori', 0, ' '),
(397, '2015-02-26', 1, 'szk', 0, ' '),
(400, '2015-02-27', 3, 'hanako', 0, ' '),
(401, '2015-02-27', 1, 'hsgw', 0, ' '),
(402, '2015-02-27', 3, 'iri', 0, ' '),
(403, '2015-02-27', 0, 'mori', 0, ' '),
(404, '2015-02-27', 4, 'szk', 0, ' '),
(407, '2015-02-28', 2, 'hanako', 0, ' '),
(408, '2015-02-28', 3, 'hsgw', 0, ' '),
(409, '2015-02-28', 1, 'iri', 0, ' '),
(410, '2015-02-28', 1, 'mori', 0, ' '),
(411, '2015-02-28', 3, 'szk', 0, ' '),
(578, '2015-01-02', 2, 'iri', 0, ' '),
(579, '2015-01-03', 3, 'iri', 0, ' '),
(580, '2015-01-04', 3, 'iri', 0, ' '),
(581, '2015-01-05', 4, 'iri', 0, ' '),
(582, '2015-01-06', 1, 'iri', 0, ' '),
(583, '2015-01-07', 2, 'iri', 0, ' '),
(584, '2015-01-08', 4, 'iri', 0, ' '),
(585, '2015-01-10', 2, 'iri', 0, ' '),
(586, '2015-01-11', 1, 'iri', 0, ' '),
(587, '2015-01-12', 2, 'iri', 0, ' '),
(588, '2015-01-13', 3, 'iri', 0, ' '),
(589, '2015-01-16', 2, 'iri', 0, ' '),
(590, '2015-01-17', 4, 'iri', 0, ' '),
(591, '2015-01-18', 3, 'iri', 0, ' '),
(592, '2015-01-19', 1, 'iri', 0, ' '),
(593, '2015-01-20', 1, 'iri', 0, ' '),
(594, '2015-01-23', 4, 'iri', 0, ' '),
(595, '2015-01-24', 2, 'iri', 0, ' '),
(596, '2015-01-25', 4, 'iri', 0, ' '),
(597, '2015-01-26', 4, 'iri', 0, ' '),
(598, '2015-01-27', 2, 'iri', 0, ' '),
(599, '2015-01-28', 2, 'iri', 0, ' '),
(600, '2015-01-29', 4, 'iri', 0, ' '),
(601, '2015-01-30', 4, 'iri', 0, ' '),
(602, '2015-01-31', 2, 'iri', 0, ' '),
(739, '2015-01-02', 4, 'sato', 0, ''),
(740, '2015-01-03', 4, 'sato', 0, ''),
(741, '2015-01-05', 4, 'sato', 0, ''),
(742, '2015-01-06', 4, 'sato', 0, ''),
(743, '2015-01-08', 4, 'sato', 0, ''),
(744, '2015-01-10', 4, 'sato', 0, ''),
(745, '2015-01-11', 4, 'sato', 0, ''),
(746, '2015-01-12', 4, 'sato', 0, ''),
(747, '2015-01-13', 0, 'sato', 0, ''),
(748, '2015-01-14', 4, 'sato', 0, ''),
(749, '2015-01-15', 4, 'sato', 0, ''),
(750, '2015-01-16', 0, 'sato', 0, ''),
(751, '2015-01-17', 4, 'sato', 0, ''),
(752, '2015-01-18', 4, 'sato', 0, ''),
(753, '2015-01-19', 0, 'sato', 0, ''),
(754, '2015-01-20', 4, 'sato', 0, ''),
(755, '2015-01-21', 4, 'sato', 0, ''),
(756, '2015-01-22', 0, 'sato', 0, ''),
(757, '2015-01-23', 4, 'sato', 0, ''),
(758, '2015-01-24', 4, 'sato', 0, ''),
(759, '2015-01-25', 3, 'sato', 0, ''),
(923, '2015-01-02', 1, 'hsgw', 0, ''),
(924, '2015-01-03', 1, 'hsgw', 0, ''),
(925, '2015-01-04', 1, 'hsgw', 0, ''),
(926, '2015-01-05', 1, 'hsgw', 0, ''),
(927, '2015-01-06', 2, 'hsgw', 0, ''),
(928, '2015-01-07', 2, 'hsgw', 0, ''),
(929, '2015-01-08', 2, 'hsgw', 0, ''),
(930, '2015-01-09', 0, 'hsgw', 0, ''),
(931, '2015-01-10', 3, 'hsgw', 0, ''),
(932, '2015-01-11', 3, 'hsgw', 0, ''),
(933, '2015-01-12', 3, 'hsgw', 0, ''),
(934, '2015-01-13', 3, 'hsgw', 0, ''),
(935, '2015-01-14', 3, 'hsgw', 0, ''),
(936, '2015-01-15', 3, 'hsgw', 0, ''),
(937, '2015-01-02', 2, 'hanako', 0, ''),
(938, '2015-01-03', 1, 'hanako', 0, ' '),
(939, '2015-01-04', 2, 'hanako', 0, ''),
(940, '2015-01-05', 1, 'hanako', 0, ''),
(941, '2015-01-06', 1, 'hanako', 0, ' '),
(942, '2015-01-08', 3, 'hanako', 0, ''),
(943, '2015-01-10', 1, 'hanako', 0, ''),
(944, '2015-01-11', 2, 'hanako', 0, ' '),
(945, '2015-01-12', 1, 'hanako', 0, ''),
(946, '2015-01-13', 1, 'hanako', 0, ''),
(947, '2015-01-15', 2, 'hanako', 0, ''),
(948, '2015-01-17', 1, 'hanako', 0, ''),
(949, '2015-01-18', 2, 'hanako', 0, ''),
(950, '2015-01-19', 1, 'hanako', 0, ' '),
(951, '2015-01-20', 1, 'hanako', 0, ''),
(952, '2015-01-22', 2, 'hanako', 0, ''),
(953, '2015-01-23', 1, 'hanako', 0, ''),
(954, '2015-01-24', 1, 'hanako', 0, ''),
(955, '2015-01-25', 2, 'hanako', 0, ''),
(956, '2015-01-26', 1, 'hanako', 0, ''),
(957, '2015-01-27', 1, 'hanako', 0, ''),
(958, '2015-01-29', 2, 'hanako', 0, ''),
(959, '2015-01-30', 1, 'hanako', 0, ''),
(960, '2015-01-31', 1, 'hanako', 0, ''),
(961, '2015-07-02', 1, 'hanako', 0, ''),
(962, '2015-07-03', 2, 'hanako', 0, ''),
(963, '2015-07-04', 3, 'hanako', 0, ''),
(964, '2015-07-05', 4, 'hanako', 0, ''),
(965, '2015-07-06', 3, 'hanako', 0, ''),
(966, '2015-07-07', 2, 'hanako', 0, ''),
(967, '2015-07-08', 1, 'hanako', 0, ''),
(968, '2015-07-09', 2, 'hanako', 0, ''),
(969, '2015-07-10', 3, 'hanako', 0, ''),
(970, '2015-07-11', 4, 'hanako', 0, ''),
(971, '2015-07-12', 3, 'hanako', 0, ''),
(972, '2015-07-13', 2, 'hanako', 0, ''),
(973, '2015-07-14', 1, 'hanako', 0, ''),
(974, '2015-07-15', 2, 'hanako', 0, ''),
(975, '2015-07-16', 3, 'hanako', 0, ''),
(976, '2015-07-17', 4, 'hanako', 0, ''),
(977, '2015-07-18', 3, 'hanako', 0, ''),
(978, '2015-07-19', 2, 'hanako', 0, ''),
(979, '2015-07-20', 1, 'hanako', 0, ''),
(980, '2015-07-21', 2, 'hanako', 0, ''),
(981, '2015-07-22', 3, 'hanako', 0, ''),
(982, '2015-07-23', 4, 'hanako', 0, ''),
(983, '2015-07-24', 3, 'hanako', 0, ''),
(984, '2015-07-25', 2, 'hanako', 0, ''),
(985, '2015-07-26', 1, 'hanako', 0, ''),
(986, '2015-07-27', 2, 'hanako', 0, ''),
(987, '2015-07-28', 3, 'hanako', 0, ''),
(988, '2015-07-29', 4, 'hanako', 0, ''),
(989, '2015-07-30', 3, 'hanako', 0, ''),
(990, '2015-07-31', 2, 'hanako', 0, ''),
(991, '2015-08-01', 1, 'hsgw', 0, ''),
(992, '2015-08-02', 2, 'hsgw', 0, ''),
(993, '2015-10-01', 2, 'hanako', 0, ''),
(994, '2015-10-02', 0, 'hanako', 0, ''),
(995, '2015-10-03', 1, 'hanako', 0, ''),
(996, '2015-10-04', 2, 'hanako', 0, ''),
(997, '2015-10-05', 1, 'hanako', 0, ''),
(998, '2015-10-06', 1, 'hanako', 0, ''),
(999, '2015-10-07', 1, 'hanako', 0, ''),
(1000, '2015-10-08', 2, 'hanako', 0, ''),
(1001, '2015-10-09', 2, 'hanako', 0, ''),
(1002, '2015-10-10', 2, 'hanako', 0, ''),
(1003, '2015-10-11', 1, 'hanako', 0, ''),
(1004, '2015-10-12', 0, 'hanako', 0, ''),
(1005, '2015-10-13', 0, 'hanako', 0, ''),
(1006, '2015-10-14', 3, 'hanako', 0, ''),
(1007, '2015-10-15', 2, 'hanako', 0, ''),
(1008, '2015-10-16', 2, 'hanako', 0, ''),
(1009, '2015-10-17', 2, 'hanako', 0, ''),
(1010, '2015-10-18', 2, 'hanako', 0, ''),
(1011, '2015-10-19', 0, 'hanako', 0, ''),
(1012, '2015-10-20', 1, 'hanako', 0, ''),
(1013, '2015-10-21', 3, 'hanako', 0, ''),
(1014, '2015-10-22', 3, 'hanako', 0, ''),
(1015, '2015-10-23', 2, 'hanako', 0, ''),
(1016, '2015-10-24', 2, 'hanako', 0, ''),
(1017, '2015-10-25', 0, 'hanako', 0, ''),
(1018, '2015-10-26', 4, 'hanako', 0, ''),
(1019, '2015-10-27', 2, 'hanako', 0, ''),
(1020, '2015-10-28', 3, 'hanako', 0, ''),
(1021, '2015-10-29', 4, 'hanako', 0, ''),
(1022, '2015-10-30', 4, 'hanako', 0, ''),
(1023, '2015-10-31', 1, 'hanako', 0, ''),
(1024, '2015-10-01', 1, 'iri', 0, ''),
(1025, '2015-10-02', 4, 'iri', 0, ''),
(1026, '2015-10-03', 0, 'iri', 0, ''),
(1027, '2015-10-04', 0, 'iri', 0, ''),
(1028, '2015-10-05', 0, 'iri', 0, ''),
(1029, '2015-10-06', 0, 'iri', 0, ''),
(1030, '2015-10-07', 3, 'iri', 0, ''),
(1031, '2015-10-08', 4, 'iri', 0, ''),
(1032, '2015-10-09', 2, 'iri', 0, ''),
(1033, '2015-10-10', 2, 'iri', 0, ''),
(1034, '2015-10-11', 3, 'iri', 0, ''),
(1035, '2015-10-12', 3, 'iri', 0, ''),
(1036, '2015-10-13', 0, 'iri', 0, ''),
(1037, '2015-10-14', 3, 'iri', 0, ''),
(1038, '2015-10-15', 3, 'iri', 0, ''),
(1039, '2015-10-16', 0, 'iri', 0, ''),
(1040, '2015-10-17', 0, 'iri', 0, ''),
(1041, '2015-10-18', 2, 'iri', 0, ''),
(1042, '2015-10-19', 0, 'iri', 0, ''),
(1043, '2015-10-20', 3, 'iri', 0, ''),
(1044, '2015-10-21', 3, 'iri', 0, ''),
(1045, '2015-10-22', 3, 'iri', 0, ''),
(1046, '2015-10-23', 3, 'iri', 0, ''),
(1047, '2015-10-24', 0, 'iri', 0, ''),
(1048, '2015-10-25', 0, 'iri', 0, ''),
(1049, '2015-10-26', 3, 'iri', 0, ''),
(1050, '2015-10-27', 2, 'iri', 0, ''),
(1051, '2015-10-28', 1, 'iri', 0, ''),
(1052, '2015-10-29', 2, 'iri', 0, ''),
(1053, '2015-10-30', 3, 'iri', 0, ''),
(1054, '2015-10-31', 3, 'iri', 0, ''),
(1055, '2015-10-03', 4, 'hsgw', 0, ''),
(1056, '2015-10-04', 2, 'hsgw', 0, ''),
(1057, '2015-10-05', 3, 'hsgw', 0, ''),
(1058, '2015-10-06', 2, 'hsgw', 0, ''),
(1059, '2015-10-07', 4, 'hsgw', 0, ''),
(1060, '2015-10-09', 4, 'hsgw', 0, ''),
(1061, '2015-10-10', 4, 'hsgw', 0, ''),
(1062, '2015-10-11', 4, 'hsgw', 0, ''),
(1063, '2015-10-13', 4, 'hsgw', 0, ''),
(1064, '2015-10-14', 4, 'hsgw', 0, ''),
(1065, '2015-10-16', 4, 'hsgw', 0, ''),
(1066, '2015-10-17', 4, 'hsgw', 0, ''),
(1067, '2015-10-20', 4, 'hsgw', 0, ''),
(1068, '2015-10-21', 4, 'hsgw', 0, ''),
(1069, '2015-10-22', 1, 'hsgw', 0, ''),
(1070, '2015-10-23', 2, 'hsgw', 0, ''),
(1071, '2015-10-24', 2, 'hsgw', 0, ''),
(1072, '2015-10-26', 3, 'hsgw', 0, ''),
(1073, '2015-10-27', 4, 'hsgw', 0, ''),
(1074, '2015-10-28', 4, 'hsgw', 0, ''),
(1075, '2015-10-29', 4, 'hsgw', 0, ''),
(1076, '2015-10-30', 4, 'hsgw', 0, ''),
(1077, '2015-10-31', 4, 'hsgw', 0, ''),
(1099, '2015-10-02', 1, 'mori', 0, ''),
(1100, '2015-10-03', 3, 'mori', 0, ''),
(1101, '2015-10-04', 3, 'mori', 0, ''),
(1102, '2015-10-06', 1, 'mori', 0, ''),
(1103, '2015-10-07', 1, 'mori', 0, ''),
(1104, '2015-10-10', 2, 'mori', 0, ''),
(1105, '2015-10-11', 2, 'mori', 0, ''),
(1106, '2015-10-13', 3, 'mori', 0, ''),
(1107, '2015-10-14', 1, 'mori', 0, ''),
(1108, '2015-10-17', 2, 'mori', 0, ''),
(1109, '2015-10-18', 3, 'mori', 0, ''),
(1110, '2015-10-20', 3, 'mori', 0, ''),
(1111, '2015-10-21', 3, 'mori', 0, ''),
(1112, '2015-10-22', 1, 'mori', 0, ''),
(1113, '2015-10-24', 1, 'mori', 0, ''),
(1114, '2015-10-25', 2, 'mori', 0, ''),
(1115, '2015-10-26', 1, 'mori', 0, ''),
(1116, '2015-10-27', 1, 'mori', 0, ''),
(1117, '2015-10-28', 1, 'mori', 0, ''),
(1118, '2015-10-29', 1, 'mori', 0, ''),
(1119, '2015-10-31', 2, 'mori', 0, ''),
(1120, '2015-10-01', 4, 'sato', 0, ''),
(1121, '2015-10-03', 4, 'sato', 0, ''),
(1122, '2015-10-04', 4, 'sato', 0, ''),
(1123, '2015-10-06', 3, 'sato', 0, ''),
(1124, '2015-10-07', 0, 'sato', 0, ''),
(1125, '2015-10-08', 3, 'sato', 0, ''),
(1126, '2015-10-09', 3, 'sato', 0, ''),
(1127, '2015-10-10', 1, 'sato', 0, ''),
(1128, '2015-10-11', 1, 'sato', 0, ''),
(1129, '2015-10-13', 2, 'sato', 0, ''),
(1130, '2015-10-14', 1, 'sato', 0, ''),
(1131, '2015-10-15', 3, 'sato', 0, ''),
(1132, '2015-10-17', 1, 'sato', 0, ''),
(1133, '2015-10-18', 1, 'sato', 0, ''),
(1134, '2015-10-22', 1, 'sato', 0, ''),
(1135, '2015-10-23', 1, 'sato', 0, ''),
(1136, '2015-10-24', 1, 'sato', 0, ''),
(1137, '2015-10-25', 1, 'sato', 0, ''),
(1138, '2015-10-28', 1, 'sato', 0, ''),
(1139, '2015-10-29', 1, 'sato', 0, ''),
(1140, '2015-10-30', 1, 'sato', 0, ''),
(1141, '2015-10-31', 1, 'sato', 0, ''),
(1142, '2015-10-02', 2, 'szk', 0, ''),
(1143, '2015-10-03', 3, 'szk', 0, ''),
(1144, '2015-10-04', 3, 'szk', 0, ''),
(1145, '2015-10-08', 2, 'szk', 0, ''),
(1146, '2015-10-09', 2, 'szk', 0, ''),
(1147, '2015-10-10', 3, 'szk', 0, ''),
(1148, '2015-10-11', 3, 'szk', 0, ''),
(1149, '2015-10-13', 2, 'szk', 0, ''),
(1150, '2015-10-14', 2, 'szk', 0, ''),
(1151, '2015-10-15', 0, 'szk', 0, ''),
(1152, '2015-10-16', 2, 'szk', 0, ''),
(1153, '2015-10-17', 3, 'szk', 0, ''),
(1154, '2015-10-18', 4, 'szk', 0, ''),
(1155, '2015-10-20', 2, 'szk', 0, ''),
(1156, '2015-10-21', 2, 'szk', 0, ''),
(1157, '2015-10-23', 3, 'szk', 0, ''),
(1158, '2015-10-24', 3, 'szk', 0, ''),
(1159, '2015-10-25', 3, 'szk', 0, ''),
(1160, '2015-10-26', 3, 'szk', 0, ''),
(1161, '2015-10-28', 2, 'szk', 0, ''),
(1162, '2015-10-29', 2, 'szk', 0, ''),
(1163, '2015-10-31', 3, 'szk', 0, ''),
(1165, '2015-11-02', 1, 'hanako', 0, ''),
(1166, '2015-11-03', 3, 'hanako', 0, ''),
(1167, '2015-11-05', 0, 'hanako', 0, ''),
(1168, '2015-11-06', 0, 'hanako', 0, ''),
(1169, '2015-11-07', 2, 'hanako', 0, ''),
(1170, '2015-11-08', 0, 'hanako', 0, ''),
(1171, '2015-11-09', 1, 'hanako', 0, ''),
(1172, '2015-11-11', 3, 'hanako', 0, ''),
(1173, '2015-11-15', 1, 'hanako', 0, ''),
(1190, '2015-12-01', 1, 'ando', 1, ''),
(1191, '2015-12-02', 4, 'ando', 0, ''),
(1192, '2015-12-04', 2, 'ando', 0, ''),
(1193, '2015-12-05', 2, 'ando', 1, ''),
(1194, '2015-12-06', 2, 'ando', 0, ''),
(1195, '2015-12-07', 2, 'ando', 0, ''),
(1196, '2015-12-08', 2, 'ando', 0, ''),
(1197, '2015-12-09', 2, 'ando', 0, ''),
(1198, '2015-12-11', 0, 'ando', 0, ''),
(1199, '2015-12-12', 0, 'ando', 0, ''),
(1200, '2015-12-14', 1, 'ando', 0, ''),
(1201, '2015-12-15', 1, 'ando', 0, ''),
(1202, '2015-12-16', 1, 'ando', 1, ''),
(1203, '2015-12-17', 1, 'ando', 0, ''),
(1204, '2015-12-18', 1, 'ando', 0, ''),
(1205, '2015-12-19', 1, 'ando', 0, ''),
(1206, '2015-12-20', 1, 'ando', 0, ''),
(1207, '2015-12-23', 4, 'ando', 0, ''),
(1208, '2015-12-24', 4, 'ando', 0, ''),
(1209, '2015-12-25', 3, 'ando', 0, ''),
(1210, '2015-12-26', 3, 'ando', 0, ''),
(1211, '2015-12-29', 1, 'ando', 0, ''),
(1212, '2015-12-30', 1, 'ando', 0, ''),
(1213, '2015-12-31', 1, 'ando', 0, ''),
(1214, '2015-12-01', 1, 'hanako', 0, ''),
(1215, '2015-12-02', 1, 'hanako', 0, ''),
(1216, '2015-12-06', 4, 'hanako', 1, ''),
(1217, '2015-12-09', 3, 'hanako', 0, ''),
(1218, '2015-12-10', 1, 'hanako', 0, ''),
(1219, '2015-12-12', 1, 'hanako', 0, ''),
(1220, '2015-12-14', 4, 'hanako', 0, ''),
(1221, '2015-12-16', 4, 'hanako', 0, ''),
(1222, '2015-12-18', 4, 'hanako', 0, ''),
(1223, '2015-12-21', 1, 'hanako', 0, ''),
(1224, '2015-12-22', 3, 'hanako', 0, ''),
(1225, '2015-12-26', 4, 'hanako', 0, ''),
(1226, '2015-12-27', 4, 'hanako', 0, ''),
(1227, '2015-12-29', 4, 'hanako', 0, ''),
(1228, '2016-01-01', 1, 'hanako', 0, ''),
(1229, '2016-01-02', 2, 'hanako', 0, ''),
(1230, '2016-01-03', 2, 'hanako', 0, ''),
(1231, '2016-01-04', 0, 'hanako', 0, ''),
(1232, '2016-01-05', 3, 'hanako', 0, ''),
(1233, '2016-01-06', 3, 'hanako', 0, ''),
(1234, '2016-01-07', 0, 'hanako', 0, ''),
(1235, '2016-01-08', 2, 'hanako', 0, ''),
(1236, '2016-01-09', 3, 'hanako', 0, ''),
(1237, '2016-01-10', 1, 'hanako', 0, ''),
(1238, '2016-01-12', 1, 'hanako', 0, ''),
(1239, '2016-01-13', 1, 'hanako', 0, ''),
(1240, '2016-01-14', 4, 'hanako', 0, ''),
(1241, '2016-01-15', 4, 'hanako', 0, ''),
(1242, '2016-01-16', 3, 'hanako', 0, ''),
(1243, '2016-01-17', 1, 'hanako', 0, ''),
(1244, '2016-01-18', 0, 'hanako', 0, ''),
(1245, '2016-01-19', 0, 'hanako', 0, ''),
(1246, '2016-01-20', 0, 'hanako', 0, ''),
(1247, '2016-01-23', 1, 'hanako', 0, ''),
(1248, '2016-01-24', 2, 'hanako', 0, ''),
(1249, '2016-01-25', 2, 'hanako', 0, ''),
(1250, '2016-01-26', 4, 'hanako', 0, ''),
(1251, '2016-01-27', 1, 'hanako', 0, ''),
(1252, '2016-01-28', 1, 'hanako', 0, ''),
(1253, '2016-01-29', 0, 'hanako', 0, ''),
(1254, '2016-01-30', 1, 'hanako', 0, ''),
(1255, '2016-01-31', 1, 'hanako', 0, ''),
(1256, '2015-12-01', 3, 'mori', 0, ''),
(1257, '2015-12-02', 2, 'mori', 1, ''),
(1258, '2015-12-03', 0, 'mori', 0, ''),
(1259, '2015-12-04', 0, 'mori', 0, ''),
(1260, '2015-12-05', 1, 'mori', 0, ''),
(1261, '2015-12-06', 2, 'mori', 1, ''),
(1262, '2015-12-07', 3, 'mori', 0, ''),
(1263, '2015-12-08', 2, 'mori', 1, ''),
(1264, '2015-12-09', 1, 'mori', 0, ''),
(1265, '2015-12-10', 0, 'mori', 0, ''),
(1266, '2015-12-11', 0, 'mori', 0, ''),
(1267, '2015-12-12', 2, 'mori', 0, ''),
(1268, '2015-12-13', 4, 'mori', 0, ''),
(1269, '2015-12-14', 4, 'mori', 0, ''),
(1270, '2015-12-15', 4, 'mori', 0, ''),
(1271, '2015-12-16', 3, 'mori', 0, ''),
(1272, '2015-12-17', 0, 'mori', 0, ''),
(1273, '2015-12-18', 0, 'mori', 0, ''),
(1274, '2015-12-19', 1, 'mori', 0, ''),
(1275, '2015-12-20', 1, 'mori', 0, ''),
(1276, '2015-12-21', 1, 'mori', 1, ''),
(1277, '2015-12-22', 3, 'mori', 0, ''),
(1278, '2015-12-23', 3, 'mori', 0, ''),
(1279, '2015-12-24', 0, 'mori', 0, ''),
(1280, '2015-12-25', 0, 'mori', 0, ''),
(1281, '2015-12-26', 2, 'mori', 0, ''),
(1282, '2015-12-27', 1, 'mori', 0, ''),
(1283, '2015-12-28', 1, 'mori', 0, ''),
(1284, '2015-12-29', 3, 'mori', 0, ''),
(1285, '2015-12-30', 0, 'mori', 0, ''),
(1286, '2015-12-31', 0, 'mori', 0, ''),
(1287, '2016-01-01', 0, 'mori', 0, ''),
(1288, '2016-01-02', 3, 'mori', 0, ''),
(1289, '2016-01-03', 4, 'mori', 0, ''),
(1290, '2016-01-04', 2, 'mori', 0, ''),
(1291, '2016-01-05', 2, 'mori', 0, ''),
(1292, '2016-01-06', 1, 'mori', 0, ''),
(1293, '2016-01-07', 0, 'mori', 0, ''),
(1294, '2016-01-08', 0, 'mori', 0, ''),
(1295, '2016-01-09', 1, 'mori', 0, ''),
(1296, '2016-01-10', 3, 'mori', 0, ''),
(1297, '2016-01-12', 1, 'mori', 0, ''),
(1298, '2016-01-13', 3, 'mori', 0, ''),
(1299, '2016-01-14', 0, 'mori', 0, ''),
(1300, '2016-01-15', 0, 'mori', 0, ''),
(1301, '2016-01-16', 1, 'mori', 0, ''),
(1302, '2016-01-17', 2, 'mori', 0, ''),
(1303, '2016-01-18', 1, 'mori', 0, ''),
(1304, '2016-01-19', 1, 'mori', 0, ''),
(1305, '2016-01-20', 0, 'mori', 0, ''),
(1306, '2016-01-21', 0, 'mori', 0, ''),
(1307, '2016-01-22', 0, 'mori', 0, ''),
(1308, '2016-01-23', 1, 'mori', 0, ''),
(1309, '2016-01-24', 2, 'mori', 0, ''),
(1310, '2016-01-25', 2, 'mori', 0, ''),
(1311, '2016-01-26', 4, 'mori', 0, ''),
(1312, '2016-01-27', 4, 'mori', 0, ''),
(1313, '2016-01-28', 0, 'mori', 0, ''),
(1314, '2016-01-29', 0, 'mori', 0, ''),
(1315, '2016-01-30', 1, 'mori', 0, ''),
(1316, '2016-01-31', 2, 'mori', 0, ''),
(1317, '2016-01-01', 3, 'ando', 0, ''),
(1318, '2016-01-02', 2, 'ando', 0, ''),
(1319, '2016-01-03', 2, 'ando', 0, ''),
(1320, '2016-01-04', 0, 'ando', 0, ''),
(1321, '2016-01-05', 0, 'ando', 0, ''),
(1322, '2016-01-06', 0, 'ando', 0, ''),
(1323, '2016-01-07', 0, 'ando', 0, ''),
(1324, '2016-01-08', 0, 'ando', 0, ''),
(1325, '2016-01-09', 4, 'ando', 0, ''),
(1326, '2016-01-10', 3, 'ando', 0, ''),
(1327, '2016-01-12', 0, 'ando', 0, ''),
(1328, '2016-01-13', 0, 'ando', 0, ''),
(1329, '2016-01-14', 0, 'ando', 0, ''),
(1330, '2016-01-15', 0, 'ando', 0, ''),
(1331, '2016-01-16', 4, 'ando', 0, ''),
(1332, '2016-01-17', 3, 'ando', 0, ''),
(1333, '2016-01-18', 0, 'ando', 0, ''),
(1334, '2016-01-19', 0, 'ando', 0, ''),
(1335, '2016-01-20', 0, 'ando', 0, ''),
(1336, '2016-01-21', 0, 'ando', 0, ''),
(1337, '2016-01-22', 0, 'ando', 0, ''),
(1338, '2016-01-23', 3, 'ando', 0, ''),
(1339, '2016-01-24', 4, 'ando', 0, ''),
(1340, '2016-01-25', 0, 'ando', 0, ''),
(1341, '2016-01-26', 0, 'ando', 0, ''),
(1342, '2016-01-27', 0, 'ando', 0, ''),
(1343, '2016-01-28', 0, 'ando', 0, ''),
(1344, '2016-01-29', 0, 'ando', 0, ''),
(1345, '2016-01-30', 3, 'ando', 0, ''),
(1346, '2016-01-31', 4, 'ando', 0, ''),
(1347, '2016-01-01', 0, 'ishida', 0, ''),
(1348, '2016-01-02', 0, 'ishida', 0, ''),
(1349, '2016-01-03', 0, 'ishida', 0, ''),
(1350, '2016-01-04', 2, 'ishida', 0, ''),
(1351, '2016-01-05', 1, 'ishida', 0, ''),
(1352, '2016-01-06', 1, 'ishida', 0, ''),
(1353, '2016-01-07', 1, 'ishida', 0, ''),
(1354, '2016-01-08', 3, 'ishida', 0, ''),
(1355, '2016-01-09', 0, 'ishida', 0, ''),
(1356, '2016-01-10', 0, 'ishida', 0, ''),
(1357, '2016-01-12', 1, 'ishida', 0, ''),
(1358, '2016-01-13', 2, 'ishida', 0, ''),
(1359, '2016-01-14', 1, 'ishida', 0, ''),
(1360, '2016-01-15', 2, 'ishida', 0, ''),
(1361, '2016-01-16', 0, 'ishida', 0, ''),
(1362, '2016-01-17', 0, 'ishida', 0, ''),
(1363, '2016-01-18', 2, 'ishida', 0, ''),
(1364, '2016-01-19', 2, 'ishida', 0, ''),
(1365, '2016-01-20', 2, 'ishida', 0, ''),
(1366, '2016-01-21', 2, 'ishida', 0, ''),
(1367, '2016-01-22', 2, 'ishida', 0, ''),
(1368, '2016-01-23', 0, 'ishida', 0, ''),
(1369, '2016-01-24', 0, 'ishida', 0, ''),
(1370, '2016-01-25', 2, 'ishida', 0, ''),
(1371, '2016-01-26', 2, 'ishida', 0, ''),
(1372, '2016-01-27', 2, 'ishida', 0, ''),
(1373, '2016-01-28', 2, 'ishida', 0, ''),
(1374, '2016-01-29', 2, 'ishida', 0, ''),
(1375, '2016-01-30', 0, 'ishida', 0, ''),
(1376, '2016-01-31', 0, 'ishida', 0, ''),
(1377, '2016-01-01', 4, 'hsgw', 0, ''),
(1378, '2016-01-02', 4, 'hsgw', 0, ''),
(1379, '2016-01-03', 4, 'hsgw', 0, ''),
(1380, '2016-01-04', 4, 'hsgw', 0, ''),
(1381, '2016-01-05', 0, 'hsgw', 0, ''),
(1382, '2016-01-06', 4, 'hsgw', 0, ''),
(1383, '2016-01-07', 4, 'hsgw', 0, ''),
(1384, '2016-01-08', 4, 'hsgw', 0, ''),
(1385, '2016-01-09', 4, 'hsgw', 0, ''),
(1386, '2016-01-10', 4, 'hsgw', 0, ''),
(1387, '2016-01-12', 4, 'hsgw', 0, ''),
(1388, '2016-01-13', 4, 'hsgw', 0, ''),
(1389, '2016-01-14', 4, 'hsgw', 0, ''),
(1390, '2016-01-15', 0, 'hsgw', 0, ''),
(1391, '2016-01-16', 4, 'hsgw', 0, ''),
(1392, '2016-01-17', 4, 'hsgw', 0, ''),
(1393, '2016-01-18', 4, 'hsgw', 0, ''),
(1394, '2016-01-19', 4, 'hsgw', 0, ''),
(1395, '2016-01-20', 0, 'hsgw', 0, ''),
(1396, '2016-01-21', 4, 'hsgw', 0, ''),
(1397, '2016-01-22', 4, 'hsgw', 0, ''),
(1398, '2016-01-23', 4, 'hsgw', 0, ''),
(1399, '2016-01-24', 4, 'hsgw', 0, ''),
(1400, '2016-01-25', 4, 'hsgw', 0, ''),
(1401, '2016-01-26', 4, 'hsgw', 0, ''),
(1402, '2016-01-27', 0, 'hsgw', 0, ''),
(1403, '2016-01-28', 4, 'hsgw', 0, ''),
(1404, '2016-01-29', 4, 'hsgw', 0, ''),
(1405, '2016-01-30', 4, 'hsgw', 0, ''),
(1406, '2016-01-31', 4, 'hsgw', 0, ''),
(1437, '2016-01-01', 3, 'ito', 0, ''),
(1438, '2016-01-02', 3, 'ito', 0, ''),
(1439, '2016-01-03', 2, 'ito', 0, ''),
(1440, '2016-01-05', 3, 'ito', 0, ''),
(1441, '2016-01-06', 2, 'ito', 0, ''),
(1442, '2016-01-08', 3, 'ito', 0, ''),
(1443, '2016-01-09', 3, 'ito', 0, ''),
(1444, '2016-01-10', 2, 'ito', 0, ''),
(1445, '2016-01-14', 3, 'ito', 0, ''),
(1446, '2016-01-15', 2, 'ito', 0, ''),
(1447, '2016-01-16', 3, 'ito', 0, ''),
(1448, '2016-01-17', 3, 'ito', 0, ''),
(1449, '2016-01-18', 3, 'ito', 0, ''),
(1450, '2016-01-19', 3, 'ito', 0, ''),
(1451, '2016-01-21', 1, 'ito', 0, ''),
(1452, '2016-01-22', 3, 'ito', 0, ''),
(1453, '2016-01-23', 3, 'ito', 0, ''),
(1454, '2016-01-24', 3, 'ito', 0, ''),
(1455, '2016-01-27', 3, 'ito', 0, ''),
(1456, '2016-01-28', 3, 'ito', 0, ''),
(1457, '2016-01-29', 2, 'ito', 0, ''),
(1458, '2016-01-30', 3, 'ito', 0, ''),
(1459, '2016-01-31', 3, 'ito', 0, ''),
(1460, '2016-01-01', 1, 'kaneko', 0, ''),
(1461, '2016-01-02', 3, 'kaneko', 0, ''),
(1462, '2016-01-03', 1, 'kaneko', 0, ''),
(1463, '2016-01-04', 1, 'kaneko', 0, ''),
(1464, '2016-01-05', 0, 'kaneko', 0, ''),
(1465, '2016-01-06', 1, 'kaneko', 0, ''),
(1466, '2016-01-07', 2, 'kaneko', 0, ''),
(1467, '2016-01-08', 2, 'kaneko', 0, ''),
(1468, '2016-01-09', 1, 'kaneko', 0, ''),
(1469, '2016-01-10', 1, 'kaneko', 0, ''),
(1470, '2016-01-12', 0, 'kaneko', 0, ''),
(1471, '2016-01-13', 2, 'kaneko', 0, ''),
(1472, '2016-01-14', 3, 'kaneko', 0, ''),
(1473, '2016-01-15', 2, 'kaneko', 0, ''),
(1474, '2016-01-16', 1, 'kaneko', 0, ''),
(1475, '2016-01-17', 2, 'kaneko', 0, ''),
(1476, '2016-01-18', 0, 'kaneko', 0, ''),
(1477, '2016-01-19', 0, 'kaneko', 0, ''),
(1478, '2016-01-20', 2, 'kaneko', 0, ''),
(1479, '2016-01-21', 3, 'kaneko', 0, ''),
(1480, '2016-01-22', 2, 'kaneko', 0, ''),
(1481, '2016-01-23', 1, 'kaneko', 0, ''),
(1482, '2016-01-24', 2, 'kaneko', 0, ''),
(1483, '2016-01-25', 0, 'kaneko', 0, ''),
(1484, '2016-01-26', 3, 'kaneko', 0, ''),
(1485, '2016-01-27', 1, 'kaneko', 0, ''),
(1486, '2016-01-28', 0, 'kaneko', 0, ''),
(1487, '2016-01-29', 0, 'kaneko', 0, ''),
(1488, '2016-01-30', 2, 'kaneko', 0, ''),
(1489, '2016-01-31', 3, 'kaneko', 0, ''),
(1490, '2016-01-01', 3, 'sato', 0, ''),
(1491, '2016-01-02', 2, 'sato', 0, ''),
(1492, '2016-01-03', 2, 'sato', 0, ''),
(1493, '2016-01-04', 2, 'sato', 0, ''),
(1494, '2016-01-05', 0, 'sato', 0, ''),
(1495, '2016-01-06', 0, 'sato', 0, ''),
(1496, '2016-01-07', 2, 'sato', 0, ''),
(1497, '2016-01-08', 3, 'sato', 0, ''),
(1498, '2016-01-09', 3, 'sato', 0, ''),
(1499, '2016-01-10', 2, 'sato', 0, ''),
(1500, '2016-01-12', 2, 'sato', 0, ''),
(1501, '2016-01-13', 2, 'sato', 0, ''),
(1502, '2016-01-14', 0, 'sato', 0, ''),
(1503, '2016-01-15', 0, 'sato', 0, ''),
(1504, '2016-01-16', 2, 'sato', 0, ''),
(1505, '2016-01-17', 3, 'sato', 0, ''),
(1506, '2016-01-18', 3, 'sato', 0, ''),
(1507, '2016-01-19', 3, 'sato', 0, ''),
(1508, '2016-01-20', 0, 'sato', 0, ''),
(1509, '2016-01-21', 2, 'sato', 0, ''),
(1510, '2016-01-22', 3, 'sato', 0, ''),
(1511, '2016-01-23', 3, 'sato', 0, ''),
(1512, '2016-01-24', 3, 'sato', 0, ''),
(1513, '2016-01-25', 0, 'sato', 0, ''),
(1514, '2016-01-26', 0, 'sato', 0, ''),
(1515, '2016-01-27', 2, 'sato', 0, ''),
(1516, '2016-01-28', 0, 'sato', 0, ''),
(1517, '2016-01-29', 0, 'sato', 0, ''),
(1518, '2016-01-30', 2, 'sato', 0, ''),
(1519, '2016-01-31', 3, 'sato', 0, ''),
(1710, '2016-01-01', 2, 'szk', 0, ''),
(1711, '2016-01-02', 1, 'szk', 0, ''),
(1712, '2016-01-03', 3, 'szk', 0, ''),
(1713, '2016-01-06', 2, 'szk', 0, ''),
(1714, '2016-01-07', 3, 'szk', 0, ''),
(1715, '2016-01-08', 1, 'szk', 0, ''),
(1716, '2016-01-09', 2, 'szk', 0, ''),
(1717, '2016-01-10', 3, 'szk', 0, ''),
(1718, '2016-01-12', 3, 'szk', 0, ''),
(1719, '2016-01-13', 2, 'szk', 0, ''),
(1720, '2016-01-14', 3, 'szk', 0, ''),
(1721, '2016-01-15', 3, 'szk', 0, ''),
(1722, '2016-01-16', 3, 'szk', 0, ''),
(1723, '2016-01-17', 3, 'szk', 0, ''),
(1724, '2016-01-18', 1, 'szk', 0, ''),
(1725, '2016-01-20', 1, 'szk', 0, ''),
(1726, '2016-01-21', 2, 'szk', 0, ''),
(1727, '2016-01-22', 3, 'szk', 0, ''),
(1728, '2016-01-23', 2, 'szk', 0, ''),
(1729, '2016-01-24', 2, 'szk', 0, ''),
(1730, '2016-01-28', 2, 'szk', 0, ''),
(1731, '2016-01-29', 3, 'szk', 0, ''),
(1732, '2016-01-30', 3, 'szk', 0, ''),
(1733, '2016-01-31', 3, 'szk', 0, ''),
(1734, '2016-02-01', 1, 'hanako', 0, ''),
(1735, '2016-02-02', 2, 'hanako', 0, ''),
(1751, '2016-06-01', 2, 'ando', 0, ''),
(1752, '2016-06-02', 2, 'ando', 0, ''),
(1753, '2016-06-03', 2, 'ando', 0, ''),
(1754, '2016-06-04', 2, 'ando', 0, ''),
(1755, '2016-06-05', 2, 'ando', 0, ''),
(1756, '2016-06-06', 2, 'ando', 0, ''),
(1757, '2016-06-07', 2, 'ando', 0, ''),
(1758, '2016-06-08', 2, 'ando', 0, ''),
(1759, '2016-06-09', 2, 'ando', 0, ''),
(1760, '2016-06-10', 2, 'ando', 0, ''),
(1769, '2016-06-01', 1, 'mori', 0, ''),
(1770, '2016-06-02', 1, 'mori', 0, ''),
(1771, '2016-06-03', 1, 'mori', 0, ''),
(1772, '2016-06-06', 1, 'mori', 0, ''),
(1773, '2016-06-07', 1, 'mori', 0, ''),
(1774, '2016-06-08', 1, 'mori', 0, ''),
(1775, '2016-06-09', 1, 'mori', 0, ''),
(1776, '2016-06-10', 1, 'mori', 0, ''),
(1777, '2016-06-13', 1, 'mori', 0, ''),
(1778, '2016-06-14', 1, 'mori', 0, ''),
(1779, '2016-06-15', 1, 'mori', 0, ''),
(1780, '2016-06-16', 1, 'mori', 0, ''),
(1781, '2016-06-17', 1, 'mori', 0, ''),
(1782, '2016-06-20', 1, 'mori', 0, ''),
(1783, '2016-06-21', 1, 'mori', 0, ''),
(1784, '2016-06-22', 1, 'mori', 0, ''),
(1785, '2016-06-23', 1, 'mori', 0, ''),
(1786, '2016-06-24', 1, 'mori', 0, ''),
(1787, '2016-06-27', 1, 'mori', 0, ''),
(1788, '2016-06-28', 1, 'mori', 0, ''),
(1789, '2016-06-29', 1, 'mori', 0, ''),
(1790, '2016-06-30', 1, 'mori', 0, ''),
(1791, '2016-07-01', 1, 'mori', 1, ''),
(1792, '2016-07-04', 1, 'mori', 1, ''),
(1793, '2016-07-05', 1, 'mori', 1, ''),
(1794, '2016-07-06', 1, 'mori', 1, ''),
(1795, '2016-07-07', 1, 'mori', 1, ''),
(1796, '2016-07-08', 1, 'mori', 1, ''),
(1797, '2016-07-11', 1, 'mori', 1, ''),
(1798, '2016-07-12', 1, 'mori', 1, ''),
(1799, '2016-07-13', 1, 'mori', 1, ''),
(1800, '2016-07-14', 1, 'mori', 1, ''),
(1801, '2016-07-15', 1, 'mori', 1, ''),
(1802, '2016-07-18', 1, 'mori', 1, ''),
(1803, '2016-07-19', 1, 'mori', 1, ''),
(1804, '2016-07-20', 1, 'mori', 1, ''),
(1805, '2016-07-21', 1, 'mori', 1, ''),
(1806, '2016-07-22', 1, 'mori', 1, ''),
(1807, '2016-07-25', 1, 'mori', 1, ''),
(1808, '2016-07-26', 1, 'mori', 1, ''),
(1809, '2016-07-27', 1, 'mori', 1, ''),
(1810, '2016-07-28', 1, 'mori', 1, ''),
(1811, '2016-07-29', 1, 'mori', 1, ''),
(1812, '2016-07-01', 3, 'ishida', 1, ''),
(1813, '2016-07-02', 3, 'ishida', 1, ''),
(1814, '2016-07-03', 3, 'ishida', 1, ''),
(1815, '2016-07-06', 3, 'ishida', 1, ''),
(1816, '2016-07-08', 3, 'ishida', 1, ''),
(1817, '2016-07-09', 3, 'ishida', 1, ''),
(1818, '2016-07-10', 3, 'ishida', 1, ''),
(1819, '2016-07-15', 3, 'ishida', 1, ''),
(1820, '2016-07-16', 3, 'ishida', 1, ''),
(1821, '2016-07-17', 3, 'ishida', 1, ''),
(1822, '2016-07-20', 3, 'ishida', 1, ''),
(1823, '2016-07-22', 3, 'ishida', 1, ''),
(1824, '2016-07-23', 3, 'ishida', 1, ''),
(1825, '2016-07-24', 3, 'ishida', 1, ''),
(1826, '2016-07-27', 3, 'ishida', 1, ''),
(1827, '2016-07-30', 3, 'ishida', 1, ''),
(1828, '2016-07-31', 3, 'ishida', 1, ''),
(1829, '2016-07-01', 0, 'ito', 0, ''),
(1830, '2016-07-02', 1, 'ito', 1, ''),
(1831, '2016-07-03', 1, 'ito', 1, ''),
(1832, '2016-07-05', 4, 'ito', 1, ''),
(1833, '2016-07-06', 4, 'ito', 1, ''),
(1834, '2016-07-09', 1, 'ito', 1, ''),
(1835, '2016-07-10', 1, 'ito', 1, ''),
(1836, '2016-07-12', 4, 'ito', 1, ''),
(1837, '2016-07-13', 4, 'ito', 1, ''),
(1838, '2016-07-16', 1, 'ito', 1, ''),
(1839, '2016-07-17', 1, 'ito', 1, ''),
(1840, '2016-07-19', 4, 'ito', 1, ''),
(1841, '2016-07-20', 4, 'ito', 1, ''),
(1842, '2016-07-23', 1, 'ito', 1, ''),
(1843, '2016-07-24', 1, 'ito', 1, ''),
(1844, '2016-07-26', 4, 'ito', 1, ''),
(1845, '2016-07-27', 4, 'ito', 1, ''),
(1846, '2016-07-30', 1, 'ito', 1, ''),
(1847, '2016-07-31', 1, 'ito', 1, ''),
(1848, '2016-07-01', 2, 'kaneko', 0, ''),
(1849, '2016-07-02', 4, 'kaneko', 0, ''),
(1850, '2016-07-03', 4, 'kaneko', 0, ''),
(1851, '2016-07-06', 0, 'kaneko', 0, ''),
(1852, '2016-07-08', 2, 'kaneko', 0, ''),
(1853, '2016-07-09', 4, 'kaneko', 0, ''),
(1854, '2016-07-10', 4, 'kaneko', 0, ''),
(1855, '2016-07-15', 2, 'kaneko', 0, ''),
(1856, '2016-07-16', 4, 'kaneko', 0, ''),
(1857, '2016-07-17', 4, 'kaneko', 0, ''),
(1858, '2016-07-22', 2, 'kaneko', 0, ''),
(1859, '2016-07-23', 4, 'kaneko', 0, ''),
(1860, '2016-07-24', 4, 'kaneko', 0, ''),
(1861, '2016-07-29', 2, 'kaneko', 0, ''),
(1862, '2016-07-30', 4, 'kaneko', 0, ''),
(1863, '2016-07-31', 4, 'kaneko', 0, ''),
(1864, '2016-07-01', 2, 'ando', 0, ''),
(1865, '2016-07-02', 2, 'ando', 0, ''),
(1866, '2016-07-03', 2, 'ando', 0, ''),
(1867, '2016-07-04', 2, 'ando', 0, ''),
(1868, '2016-07-05', 2, 'ando', 0, ''),
(1869, '2016-07-06', 2, 'ando', 0, ''),
(1870, '2016-07-07', 2, 'ando', 0, ''),
(1871, '2016-07-08', 0, 'ando', 0, ''),
(1872, '2016-07-09', 2, 'ando', 0, ''),
(1873, '2016-07-10', 4, 'ando', 0, ''),
(1874, '2016-07-11', 1, 'ando', 0, '');

-- --------------------------------------------------------

--
-- テーブルの構造 `tb_work`
--

CREATE TABLE IF NOT EXISTS `tb_work` (
  `uid` varchar(16) NOT NULL,
  `yy` int(11) NOT NULL,
  `mm` int(11) NOT NULL,
  `score` int(11) NOT NULL,
  `days` int(11) NOT NULL,
  `detail` text NOT NULL
) ENGINE=MyISAM DEFAULT CHARSET=utf8;

--
-- テーブルのデータをダンプしています `tb_work`
--

INSERT INTO `tb_work` (`uid`, `yy`, `mm`, `score`, `days`, `detail`) VALUES
('mori', 2015, 3, 1, 10, ''),
('mori', 2015, 7, 3, 20, '');
